J0A1A0;45.785;-72.012;"danville"
J0A1A1;45.844;-71.895;"saint-remi-de-tingwick"
J0A1B0;45.859;-72.077;"danville"
J0A1C0;45.81;-71.731;"saint-joseph-de-ham-sud"
J0A1E0;45.992;-72.096;"st-albert"
J0A1G0;45.682;-71.701;"saint-camille"
J0A1H0;45.982;-72.241;"saint-samuel"
J0A1J0;45.693;-71.878;"saint-georges-de-windsor"
J0A1K0;45.826;-71.875;"saint-remi-de-tingwick"
J0A1K6;45.828;-71.883;"saint-remi-de-tingwick"
J0A1L0;45.879;-71.942;"warwick"
J0A1M0;45.945;-71.993;"warwick"
J0A1N0;45.745;-71.815;"asbestos"
J0A2A0;45.055;-72.394;"potton"
J0A3M0;45.879;-71.895;"saint-albert"
J0A4C0;45.879;-71.895;"saint-albert"
J0B0A2;45.926;-74.137;"sainte-adele"
J0B0A3;45.39;-71.648;"cookshire"
J0B1A0;45.445;-71.784;"ascot corner"
J0B1A1;45.39;-71.648;"cookshire"
J0B1B0;45.235;-72.266;"austin"
J0B1C0;45.16;-72.029;"stanstead"
J0B1E0;45.012;-72.136;"stanstead"
J0B1G0;45.571;-71.582;"cookshire-eaton"
J0B1G3;45.561;-71.526;"bury"
J0B1G8;45.384;-71.499;"cookshire-eaton"
J0B1H0;45.463;-71.931;"bromptonville"
J0B1J0;45.486;-71.501;"bury"
J0B1K0;45.302;-71.212;"chartierville"
J0B1L0;45.235;-71.822;"compton"
J0B1M0;45.403;-71.634;"cookshire-eaton"
J0B1N0;45.342;-72.019;"deauville"
J0B1P0;45.062;-71.762;"dixville"
J0B1R0;45.485;-71.659;"cookshire-eaton"
J0B1R8;45.475;-71.667;"east angus"
J0B1S0;45.074;-71.517;"saint-malo"
J0B1T0;45.118;-72.24;"stanstead"
J0B1T4;45.959;-74.121;"sainte-adele"
J0B1V0;45.562;-72.02;"windsor"
J0B1V7;45.39;-71.648;"cookshire"
J0B1W0;45.254;-72.056;"sainte-catherine-de-hatley"
J0B1X0;45.59;-72.154;"kingsbury"
J0B1X9;45.39;-71.648;"cookshire"
J0B1Y0;45.407;-71.237;"la patrie"
J0B1Z0;45.359;-71.847;"lennoxville"
J0B2A0;45.309;-71.732;"cookshire-eaton"
J0B2A3;45.33;-71.817;"sherbrooke"
J0B2B0;45.66;-72.202;"melbourne"
J0B2C0;45.287;-71.958;"sainte-catherine-de-hatley"
J0B2E0;45.386;-71.066;"notre-dame-des-bois"
J0B2G0;45.3;-72.119;"omerville"
J0B2G2;45.39;-71.648;"cookshire"
J0B2H0;45.668;-72.136;"richmond"
J0B2J0;45.668;-71.535;"rock forest"
J0B2K0;45.465;-72.067;"stanstead"
J0B2L0;45.626;-71.599;"dudswell"
J0B2M0;45.23;-72.171;"saint-benoit-du-lac"
J0B2N0;45.659;-71.977;"fleurimont"
J0B2P0;45.446;-72.096;"racine"
J0B2R0;45.146;-71.772;"sainte-edwidge-de-clifton"
J0B2R9;45.39;-71.648;"cookshire"
J0B2S0;45.4;-72.022;"sherbrooke"
J0B2T0;45.793;-72.199;""
J0B2T5;45.39;-71.648;"cookshire"
J0B2V0;45.534;-72.049;"windsor"
J0B2W0;45.079;-71.657;"coaticook"
J0B2X0;45.274;-71.492;"saint-isidore-de-clifton"
J0B2X1;45.252;-71.509;"saint-isidore-de-clifton"
J0B2Y0;45.195;-71.503;"saint-malo"
J0B2Z0;45.61;-71.368;"lingwick"
J0B3A0;45.339;-71.564;"martinville"
J0B3A3;45.39;-71.648;"cookshire"
J0B3B0;45.523;-71.277;"scotstown"
J0B3C0;45.015;-71.799;"cookshire-eaton"
J0B3E0;45.036;-72.088;"stanstead"
J0B3E1;45.024;-72.083;"stanstead"
J0B3E2;45.008;-72.1;"stanstead"
J0B3E3;45.046;-72.187;"cookshire-eaton"
J0B3E4;45.014;-72.156;"stanstead"
J0B3E5;45.01;-72.147;"stanstead"
J0B3G0;45.511;-71.821;"stoke"
J0B3G5;45.39;-71.648;"cookshire"
J0B3H0;45.277;-71.891;"sherbrooke"
J0B3J0;45.708;-71.457;"bishopton"
J0B3K0;45.571;-72.007;"windsor"
J0B3L0;45.578;-72.008;"windsor"
J0B3M0;45.363;-72.016;"rock forest"
J0B3N0;45.384;-71.499;"cookshire-eaton"
J0B3P0;45.377;-71.968;"rock forest"
J0B3R0;45.377;-71.968;"rock forest"
J0B3S0;45.384;-71.499;"cookshire-eaton"
J0B3V0;45.734;-71.403;"weedon"
J0B4B0;45.229;-71.975;"ayer's cliff"
J0B4C0;45.39;-71.648;"cookshire"
J0B5X8;45.39;-71.648;"cookshire"
J0B6L8;45.39;-71.648;"cookshire"
J0B6W2;45.39;-71.648;"cookshire"
J0B7L0;45.437;-71.639;"cookshire"
J0B9Z0;45.39;-71.648;"cookshire"
J0C1A0;45.995;-72.348;"saint-cyrille-de-wendover"
J0C1B0;45.769;-72.303;"l'avenir"
J0C1C0;45.964;-72.671;"saint-joachim-de-courval"
J0C1E0;46.03;-72.486;"sainte-brigitte-des-saults"
J0C1G0;46.212;-72.426;"becancour"
J0C1H0;45.924;-72.435;"saint-cyrille-de-wendover"
J0C1J0;45.807;-72.703;"saint-eugene-de-grantham"
J0C1K0;45.84;-72.57;"drummondville"
J0C1L0;45.882;-72.765;"st-guillaume"
J0C1M0;46.109;-72.376;"saint-leonard-d'aston"
J0C1N0;45.867;-72.303;"saint-lucien"
J0C1P0;45.905;-72.54;"drummondville"
J0C1R0;46.068;-72.448;"sainte-perpetue"
J0C1S0;45.765;-72.495;"wickham"
J0C1W0;46.552;-74.83;"l'ascension"
J0C2C0;45.975;-72.516;"drummondville"
J0C3B0;46.048;-72.455;"sainte-brigitte-des-saults"
J0C3C0;45.971;-75.634;"bowman"
J0C8A8;45.989;-72.516;"saint-joachim-de-courval"
J0C8W6;46.048;-72.455;"sainte-brigitte-des-saults"
J0E1A0;45.437;-72.885;"abbotsford"
J0E1A1;45.277;-72.453;"bolton-ouest"
J0E1B0;45.037;-72.659;"abercorn"
J0E1C0;45.233;-72.476;"lac-brome"
J0E1E0;45.349;-72.926;"ange-gardien"
J0E1G0;45.212;-72.339;"bolton-est"
J0E1H0;45.41;-72.299;"bonsecours"
J0E1H9;45.277;-72.453;"bolton-ouest"
J0E1J0;45.328;-72.485;"lac-brome"
J0E1K0;45.195;-72.574;"brome"
J0E1L0;45.308;-72.681;"bromont"
J0E1M0;45.135;-72.787;"cowansville"
J0E1N0;45.22;-72.347;"lac-brome"
J0E1P0;45.312;-72.302;"eastman"
J0E1R0;45.276;-72.512;"west brome"
J0E1S0;45.275;-72.572;"west brome"
J0E1T0;45.233;-72.476;"lac-brome"
J0E1V0;45.219;-72.533;"brome"
J0E1V8;45.202;-72.554;"lac-brome"
J0E1W0;45.425;-72.342;"valcourt"
J0E1X0;45.07;-72.358;"bolton-est"
J0E1Y0;45.494;-72.22;"racine"
J0E1Z0;45.471;-72.656;"roxton pond"
J0E2A0;45.328;-72.79;"bromont"
J0E2B0;45.407;-72.408;"valcourt"
J0E2B2;45.233;-72.476;"lac-brome"
J0E2C0;45.482;-72.762;"sainte-cecile-de-milton"
J0E2E0;45.275;-72.368;"saint-etienne-de-bolton"
J0E2G0;45.436;-72.517;"waterloo"
J0E2H0;45.137;-72.375;"lac-brome"
J0E2J0;45.332;-72.406;"stukely-sud"
J0E2K0;45.106;-72.602;"lac-brome"
J0E2K7;45.277;-72.453;"bolton-ouest"
J0E2L0;45.496;-72.317;"valcourt"
J0E2L2;45.277;-72.453;"bolton-ouest"
J0E2L3;45.277;-72.453;"bolton-ouest"
J0E2M0;45.377;-72.509;"warden"
J0E2N0;45.344;-72.52;"waterloo"
J0E2P0;45.189;-72.65;"lac-brome"
J0E2R0;45.322;-72.627;"bromont"
J0E2S0;45.345;-72.536;"waterloo"
J0E2T0;45.233;-72.441;"bolton-ouest"
J0E2V0;45.277;-72.453;"bolton-ouest"
J0E2X0;45.233;-72.476;"lac-brome"
J0E3A9;46.499;-75.969;"bois-franc"
J0E3G0;45.278;-72.423;"bolton-ouest"
J0E7E0;45.367;-72.855;"ange-gardien"
J0E9Z0;45.277;-72.453;"bolton-ouest"
J0G0O0;46.023;-72.799;"baie-du-febvre"
J0G1A0;46.136;-72.713;"baie-du-febvre"
J0G1B0;46.175;-72.488;"grand-saint-esprit"
J0G1C0;46.116;-72.591;"la visitation-de-yamaska"
J0G1E0;46.222;-72.556;"nicolet"
J0G1G0;46.107;-72.84;"pierreville"
J0G1H0;46.075;-72.819;"odanak"
J0G1J0;46.084;-72.825;"pierreville"
J0G1K0;45.881;-72.958;"saint-louis"
J0G1L0;45.956;-72.853;"saint-david"
J0G1M0;46.07;-72.841;"saint-francois-du-lac"
J0G1N0;46.161;-72.539;"sainte-monique"
J0G1P0;45.89;-73.143;"saint-ours"
J0G1R0;45.987;-72.736;"saint-pie-de-guire"
J0G1S0;45.99;-73.004;"saint-robert"
J0G1T0;45.961;-73.107;"sainte-victoire-de-sorel"
J0G1V0;46.057;-72.61;"saint-zephirin-de-courval"
J0G1W0;46.01;-72.916;"yamaska"
J0G1X0;46.013;-72.892;"yamaska"
J0G1Y0;46.227;-72.604;"nicolet"
J0G1Z0;46.234;-72.595;"saint-jean-baptiste-de-nicolet"
J0G3J0;45.952;-72.847;"saint-david"
J0H0C0;45.68;-72.722;"st-liboire"
J0H0P0;46.77;-79.016;"kipawa"
J0H1A0;45.644;-72.572;"acton vale"
J0H1A1;45.68;-72.722;"st-liboire"
J0H1A3;45.406;-75.63;"ottawa"
J0H1A6;45.68;-72.722;"st-liboire"
J0H1B0;45.662;-73.062;"saint-hyacinthe"
J0H1C0;45.828;-73.064;"saint-bernard-de-michaudville"
J0H1E0;45.562;-72.517;"saint-hyacinthe"
J0H1E1;45.493;-72.437;"bethanie"
J0H1E9;45.68;-72.722;"st-liboire"
J0H1F0;45.68;-72.722;"st-liboire"
J0H1G0;45.731;-72.924;"mont-saint-hilaire"
J0H1H0;45.614;-72.428;"saint-hyacinthe"
J0H1J0;45.527;-73.004;"st-damase"
J0H1K0;45.78;-73.153;"st-denis-sur-richelieu"
J0H1L0;45.566;-72.858;"saint-pie"
J0H1M0;45.73;-72.735;"saint-liboire"
J0H1N0;45.791;-72.85;"saint-hyacinthe"
J0H1P0;45.78;-72.989;"saint-jude"
J0H1P2;45.68;-72.717;"st-liboire"
J0H1R0;45.649;-72.756;"saint-liboire"
J0H1R2;45.68;-72.722;"st-liboire"
J0H1S0;45.592;-73.095;"sainte-madeleine"
J0H1T0;45.862;-72.899;"saint-marcel-de-richelieu"
J0H1V0;45.74;-72.618;"saint-nazaire-d'acton"
J0H1W0;45.506;-72.906;"st-pie"
J0H1X0;45.635;-72.899;"sainte-rosalie"
J0H1Y0;45.735;-72.872;"saint-simon"
J0H1Z0;45.689;-72.576;"saint-theodore-d'acton"
J0H2A0;45.676;-72.891;"saint-hyacinthe"
J0H2B0;45.563;-72.725;"st-valerien"
J0H2C0;45.676;-72.366;"durham-sud"
J0H2E0;45.65;-72.694;"saint-liboire"
J0H2G0;45.683;-73.187;"st-charles-sur-richelieu"
J0H2H0;45.62;-72.723;"upton"
J0H2J0;46.202;-75.998;"upton"
J0H2K0;45.625;-72.597;"upton"
J0H2L0;45.67;-72.425;"lefebvre"
J0H3E0;45.68;-72.722;"st-liboire"
J0H3G0;45.68;-72.722;"st-liboire"
J0H3S4;45.68;-72.722;"st-liboire"
J0H5N4;45.68;-72.722;"st-liboire"
J0H6K2;45.62;-72.723;"upton"
J0J0C9;45.141;-73.126;"pike river"
J0J0J0;45.467;-71.466;"bury"
J0J1A0;45.125;-72.982;"bedford"
J0J1B0;45.053;-73.21;"saint-georges-de-clarenceville"
J0J1C0;45.053;-72.825;"bedford"
J0J1E0;45.129;-73.221;"noyan"
J0J1G0;45.12;-73.294;"saint-blaise-sur-richelieu"
J0J1H0;45.141;-73.126;"pike river"
J0J1H9;45.141;-73.126;"pike river"
J0J1J0;45.078;-73.365;"lacolle"
J0J1K0;45.331;-73.158;""
J0J1K9;45.366;-73.147;"mont-saint-gregoire"
J0J1L0;45.192;-73.407;"napierville"
J0J1M0;45.175;-73.042;"bedford"
J0J1N0;45.033;-73.043;"philipsburg"
J0J1P0;45.11;-73.079;"pike river"
J0J1R0;45.301;-73.291;"saint-jean-sur-richelieu"
J0J1S0;45.231;-73.117;"saint-alexandre"
J0J1T0;45.045;-73.031;"saint-armand"
J0J1V0;45.089;-73.412;"saint-bernard-de-lacolle"
J0J1V2;45.126;-73.028;"saint-armand"
J0J1W0;45.21;-73.287;"napierville"
J0J1X0;45.323;-73.053;"farnham"
J0J1Y0;45.175;-72.943;"saint-ignace-de-stanbridge"
J0J1Z0;45.266;-73.431;"saint-jacques-le-mineur"
J0J2A0;45.141;-73.126;"pike river"
J0J2B0;45.229;-72.989;"sainte-sabine"
J0J2C0;45.161;-73.03;"saint-sebastien"
J0J2E0;45.127;-73.326;"saint-valentin"
J0J2G0;45.219;-73.233;"sabrevois"
J0J2G8;45.258;-73.229;"saint-jean-sur-richelieu"
J0J2H0;45.122;-72.916;"bromont"
J0J2J0;45.115;-73.027;"stanbridge station"
J0J2K0;45.075;-73.146;"venise-en-quebec"
J0J2L0;45.141;-73.126;"pike river"
J0J2M0;45.141;-73.126;"pike river"
J0J2N0;45.141;-73.126;"pike river"
J0J2P0;45.141;-73.126;"pike river"
J0J3L0;45.509;-73.145;"bromont"
J0J9Z0;45.184;-73.104;"saint-sebastien"
J0K1A0;46.082;-73.187;"berthierville"
J0K1B0;45.97;-73.479;"crabtree"
J0K1C0;46.077;-73.538;"sainte-marcelline-de-kildare"
J0K1E0;45.958;-73.232;"lanoraie"
J0K1G0;45.816;-73.44;"l'assomption"
J0K1H0;45.887;-73.281;"saint-antoine-de-lavaltrie"
J0K1J0;45.836;-73.468;"l'epiphanie"
J0K1K0;46.087;-73.462;"notre-dame-de-lourdes"
J0K1L0;46.372;-73.367;"mandeville"
J0K1M0;47.221;-74.392;"manouane"
J0K1N0;46.158;-73.311;""
J0K1P0;48.668;-74.929;"obedjiwan"
J0K1R0;46.369;-73.061;"sainte-angele-de-premont"
J0K1S0;46.047;-73.733;"crabtree"
J0K1T0;45.943;-73.636;"saint-alexis-de-montcalm"
J0K1V0;46.472;-73.154;"saint-alexis-de-montcalm"
J0K1W0;46.186;-73.69;"saint-alphonse-rodriguez"
J0K1X0;46.14;-73.192;"berthierville"
J0K1Y0;46.19;-73.62;"saint-alphonse-rodriguez"
J0K1Z0;45.952;-73.849;"lac-lapierre"
J0K2A0;46.192;-73.468;"saint-cleophas-de-brandon"
J0K2B0;46.269;-73.776;"saint-come"
J0K2C0;46.148;-73.217;"saint-cuthbert"
J0K2E0;46.335;-73.48;"saint-gabriel"
J0K2G0;46.351;-73.25;"saint-didace"
J0K2H0;46.33;-73.148;"saint-damien"
J0K2I0;46.739;-73.755;"saint-michel-des-saints"
J0K2J0;46.098;-73.357;"sainte-elisabeth"
J0K2K0;46.324;-73.647;"sainte-emelie-de-l&#39;energie"
J0K2L0;45.898;-73.666;"saint-roch-de-l&#39;achigan"
J0K2M0;46.164;-73.436;"saint-jean-de-matha"
J0K2M9;46.742;-73.639;"saint-michel-des-saints"
J0K2N0;46.287;-73.368;"saint-gabriel"
J0K2P0;46.075;-73.128;"st-ignace-de-loyola"
J0K2R0;45.947;-73.568;"crabtree"
J0K2S0;46.249;-73.537;"saint-jean-de-matha"
J0K2T0;45.969;-73.723;"sainte-julienne"
J0K2V0;46.25;-73.09;"maskinonge"
J0K2W0;46.313;-72.938;"louiseville"
J0K2X0;46.011;-73.578;"saint-liguori"
J0K2Y0;46.118;-73.621;"sainte-marcelline-de-kildare"
J0K2Z0;45.93;-73.494;"sainte-marie-salome"
J0K3A0;46.135;-73.526;"ste-melanie"
J0K3A3;46.14;-73.582;"sainte-melanie"
J0K3B0;46.692;-73.9;"saint-michel-des-saints"
J0K3C0;46.171;-73.314;"saint-felix-de-valois"
J0K3E0;45.996;-73.462;"joliette"
J0K3G0;46.419;-73.014;"saint-paulin"
J0K3H0;45.859;-73.592;"saint-roch-de-l&#39;achigan"
J0K3H8;46.801;-74.047;"saint-michel-des-saints"
J0K3J0;46.416;-73.014;"saint-paulin"
J0K3K0;46.1;-73.883;"chertsey"
J0K3K3;46.074;-73.89;"chertsey"
J0K3L0;46.02;-73.35;"joliette"
J0K3M0;46.311;-73.058;"sainte-ursule"
J0K3M9;46.781;-73.809;"saint-michel-des-saints"
J0K3N0;46.567;-73.8;"saint-zenon"
J0K3P0;45.85;-73.432;"l&#39;assomption"
J0K3R0;46.067;-73.871;"st-theodore chertsey"
J0K3S0;45.851;-73.493;"l'epiphanie"
J0K3T0;46.169;-73.386;"sainte-emelie-de-l&#39;energie"
J0K3V0;46.039;-73.705;"rawdon"
J0K3W0;45.869;-73.57;"st-esprit"
J0K3X0;45.984;-73.696;"ste-julienne"
J0K3Y0;45.953;-73.842;"st-calixte-de-kilkenny"
J0K3Z0;45.868;-73.387;"st-gerard de magella"
J0K4A0;45.923;-73.544;"st-jacques"
J0K5S7;45.939;-73.358;"lavaltrie"
J0L0L0;45.493;-73.353;"carignan"
J0L0N0;45.493;-73.353;"carignan"
J0L0R0;45.493;-73.353;"carignan"
J0L1A0;45.753;-73.274;"calixa-lavallee"
J0L1A1;45.493;-73.353;"carignan"
J0L1B0;45.412;-73.678;"chateauguay"
J0L1C0;45.874;-73.227;"contrecoeur"
J0L1C4;45.493;-73.353;"carignan"
J0L1E0;45.395;-73.579;"candiac"
J0L1E2;45.129;-73.56;"saint-patrice-de-sherrington"
J0L1E5;45.493;-73.353;"carignan"
J0L1G0;45.38;-73.54;"candiac"
J0L1H0;45.053;-73.599;"hemmingford"
J0L1J0;45.43;-73.156;"marieville"
J0L1K0;45.285;-73.574;"saint-michel"
J0L1L0;45.223;-73.506;"saint-michel"
J0L1L9;45.493;-73.353;"carignan"
J0L1M0;45.443;-73.059;"marieville"
J0L1N0;45.644;-73.307;"varennes"
J0L1O0;45.493;-73.353;"carignan"
J0L1P0;45.392;-73.108;"la prairie"
J0L1R0;45.789;-73.179;"saint-antoine-sur-richelieu"
J0L1R9;45.285;-73.574;"saint-michel"
J0L1S0;45.52;-73.302;"saint-basile-le-grand"
J0L1T0;45.415;-73.004;"saint-hubert"
J0L1V0;45.285;-73.574;"saint-michel"
J0L1V8;45.493;-73.353;"carignan"
J0L1W0;45.161;-73.684;"sainte-clotilde-de-chateauguay"
J0L1X0;45.285;-73.574;"saint-michel"
J0L1Y0;45.343;-73.455;"saint-edouard-de-napierville"
J0L1Y1;45.492;-73.348;"carignan"
J0L1Z0;45.567;-73.189;"mont-saint-hilaire"
J0L2A0;45.298;-73.682;"mercier"
J0L2B0;45.515;-73.126;"saint-jean-baptiste"
J0L2B2;45.493;-73.353;"carignan"
J0L2C0;45.599;-73.334;"sainte-julie"
J0L2E0;45.672;-73.209;"saint-marc-sur-richelieu"
J0L2G0;45.475;-73.271;"st-mathias"
J0L2H0;45.327;-73.522;"brossard"
J0L2J0;45.234;-73.569;"saint-michel"
J0L2K0;45.355;-73.475;"la prairie"
J0L2L0;45.259;-73.626;"saint-philippe"
J0L2L1;45.493;-73.353;"carignan"
J0L2L2;45.493;-73.353;"carignan"
J0L2M0;45.892;-73.164;"saint-roch-de-richelieu"
J0L2M2;45.493;-73.353;"carignan"
J0L2N0;45.16;-73.531;"sherrington"
J0L2P0;45.285;-73.574;"saint-michel"
J0L2P2;45.493;-73.353;"carignan"
J0L2R0;45.776;-73.357;"greenfield park"
J0L2S0;45.603;-73.308;"sainte-julie"
J0L2T0;45.523;-73.429;"saint-hubert"
J0L2V0;45.285;-73.574;"saint-michel"
J0L2W0;45.285;-73.574;"saint-michel"
J0L2X0;46.008;-73.554;"saint-michel"
J0L2Y0;45.501;-73.275;"saint-basile-le-grand"
J0L2Z0;45.592;-73.337;"sainte-julie"
J0L3A0;45.285;-73.574;"saint-michel"
J0L3B0;45.285;-73.574;"saint-michel"
J0L3C0;45.285;-73.574;"saint-michel"
J0L3C6;45.493;-73.353;"carignan"
J0L3E0;45.493;-73.353;"carignan"
J0L3K0;45.493;-73.353;"carignan"
J0L3P3;45.493;-73.353;"carignan"
J0L9Z0;45.493;-73.353;"carignan"
J0M0E0;53.518;-74.522;""
J0M0V0;53.518;-74.522;""
J0M0Z0;55.566;-71.823;""
J0M1A0;60.023;-70.026;"kangirsuk"
J0M1A1;53.518;-74.522;""
J0M1B0;54.926;-75.061;""
J0M1C0;58.074;-68.459;"kuujjuaq"
J0M1E0;53.774;-78.893;"chisasibi"
J0M1G0;55.278;-77.761;"kuujjuarapik"
J0M1H0;62.396;-77.869;"ivujivik"
J0M1J0;61.025;-69.571;"quaqtaq"
J0M1K0;61.59;-71.927;"kangiqsujuaq"
J0M1L0;53.025;-78.722;"wemindji"
J0M1M0;58.48;-78.134;"inukjuak"
J0M1N0;58.711;-65.958;"kangiqsualujjuaq"
J0M1P0;60.054;-77.291;"puvirnituq"
J0M1R0;51.483;-78.759;"waskaganish"
J0M1S0;62.197;-75.642;"salluit"
J0M1T0;58.728;-69.951;"tasiujaq"
J0M1V0;60.818;-78.144;"akulivik"
J0M1W0;52.213;-78.193;"eastmain"
J0M1X0;59.299;-69.566;"aupaluk"
J0M1Y0;56.549;-76.505;"umiujaq"
J0M1Z0;54.926;-75.061;""
J0M2A0;54.026;-74.714;"laforge 1"
J0M2B0;54.026;-74.714;"brisay"
J0M2C0;54.026;-74.714;"laforge 2"
J0M2M0;54.926;-75.061;""
J0M2X0;54.926;-75.061;""
J0M2Y0;53.518;-74.522;""
J0N0C1;45.484;-74.017;"oka"
J0N1A0;45.584;-74.039;"mirabel"
J0N1B0;45.584;-74.039;"mirabel"
J0N1B2;45.631;-73.958;"saint-augustin"
J0N1C0;46.439;-75.757;"mirabel"
J0N1C3;45.629;-73.959;"saint-augustin"
J0N1E0;45.478;-74.086;"oka"
J0N1G0;45.498;-73.971;"deux-montagnes"
J0N1G1;45.505;-73.96;"pointe-calumet"
J0N1G2;45.497;-73.971;"pointe-calumet"
J0N1G3;45.49;-73.981;"l&#39;ile-bizard"
J0N1G4;45.495;-73.981;"deux-montagnes"
J0N1G5;45.497;-73.985;"pointe-calumet"
J0N1G7;45.584;-74.039;"mirabel"
J0N1H0;45.764;-73.811;"blainville"
J0N1H9;45.631;-73.958;"saint-augustin"
J0N1J0;45.628;-73.982;"mirabel"
J0N1J1;45.499;-73.965;"pointe-calumet"
J0N1K0;45.573;-74.119;"mirabel"
J0N1L0;45.722;-73.887;"mirabel"
J0N1M0;45.522;-73.989;"st-joseph-du-lac"
J0N1M1;45.631;-73.958;"saint-augustin"
J0N1M9;45.631;-73.958;"saint-augustin"
J0N1N0;45.584;-74.039;"mirabel"
J0N1P0;45.529;-73.938;"saint-joseph-du-lac"
J0N1R0;45.671;-74.007;"saint-augustin"
J0N1S0;45.636;-74.078;"mirabel"
J0N1T0;45.584;-74.039;"mirabel"
J0N1V0;45.584;-74.039;"mirabel"
J0N1V2;45.495;-73.974;"pointe-calumet"
J0N1W0;45.584;-74.039;"mirabel"
J0N1W7;45.484;-74.017;"oka"
J0N1X0;45.584;-74.039;"mirabel"
J0N1Y0;45.517;-73.933;"ste-marthe-sur-le-lac"
J0N1Z0;45.584;-74.039;"mirabel"
J0N2A0;45.517;-73.933;"ste-marthe-sur-le-lac"
J0N2B0;45.584;-74.039;"mirabel"
J0N2C0;45.584;-74.039;"mirabel"
J0N2E0;45.584;-74.039;"mirabel"
J0N2L3;45.631;-73.958;"saint-augustin"
J0N3E6;45.631;-73.958;"saint-augustin"
J0N3J0;45.631;-73.958;"saint-augustin"
J0N9Z0;45.631;-73.958;"saint-augustin"
J0O1P0;45.497;-74.287;"rigaud"
J0O1Z0;45.246;-74.249;"saint-zotique"
J0P1A0;45.436;-74.252;"sainte-marthe"
J0P1B0;45.294;-74.173;"coteau-du-lac"
J0P1C0;45.322;-74.461;"sainte-marthe"
J0P1E0;45.275;-74.239;"coteau-station"
J0P1G0;45.3;-74.449;"sainte-justine-de-newton"
J0P1H0;45.453;-74.146;"rigaud"
J0P1H1;45.383;-74.259;"sainte-marthe"
J0P1J0;45.46;-74.152;"vaudreuil-dorion"
J0P1K0;45.383;-74.259;"notre-dame-de-l&#39;ile-perrot"
J0P1L0;45.383;-74.259;"sainte-marthe"
J0P1M0;45.33;-73.971;"pointe-des-cascades"
J0P1N0;45.55;-74.371;"rigaud"
J0P1P0;45.476;-74.299;"rigaud"
J0P1P1;45.434;-74.362;"rigaud"
J0P1R0;45.219;-74.328;"riviere-beaudette"
J0P1S0;45.353;-74.225;"saint-clet"
J0P1T0;45.371;-74.405;"sainte-justine-de-newton"
J0P1V0;45.405;-74.147;"saint-lazare"
J0P1W0;45.405;-74.292;"sainte-marthe"
J0P1X0;45.302;-74.304;"les coteaux"
J0P1Y0;45.294;-74.393;"sainte-justine-de-newton"
J0P1Z0;45.241;-74.249;"st-zotique"
J0P2A0;45.405;-74.145;"st lazare de vaudreuil"
J0P2B0;45.383;-74.259;"sainte-marthe"
J0P2C0;45.383;-74.259;"sainte-marthe"
J0P2P0;46.188;-74.379;"val-des-lacs"
J0P2W0;45.389;-74.228;"saint-lazare"
J0P3K6;46.042;-73.098;"sorel"
J0P5X3;45.389;-74.228;"saint-lazare"
J0P6H5;45.397;-74.357;"rigaud"
J0R1A0;45.814;-74.183;"bellefeuille"
J0R1A1;45.803;-74.118;"saint-jerome"
J0R1A9;45.873;-74.158;"saint-sauveur-des-monts"
J0R1B0;45.859;-74.123;"piedmont"
J0R1B8;45.892;-74.157;"st-sauveur"
J0R1C0;45.852;-73.755;"st-sauveur"
J0R1E0;45.891;-74.046;"lesage"
J0R1G0;45.923;-74.144;"sainte-adele"
J0R1H0;45.899;-74.245;"morin-heights"
J0R1J0;45.832;-73.911;"saint-hippolyte"
J0R1K0;45.9;-74.131;"gore"
J0R1L0;45.953;-74.14;"sainte-adele"
J0R1M0;45.739;-74.052;"mirabel"
J0R1N0;45.892;-74.157;"st-sauveur"
J0R1P0;45.92;-74.017;"filion"
J0R1P5;45.863;-74.157;"ste-anne des lacs"
J0R1R0;45.894;-74.16;"saint-sauveur"
J0R1R1;45.867;-74.212;"saint-sauveur"
J0R1R2;45.888;-74.189;"saint-sauveur-des-monts"
J0R1R3;45.882;-74.156;"piedmont"
J0R1R4;45.893;-74.165;"saint-sauveur"
J0R1R5;45.885;-74.168;"saint-sauveur"
J0R1R6;45.893;-74.153;"saint-sauveur"
J0R1R7;45.905;-74.177;"saint-sauveur"
J0R1S0;45.833;-73.917;"sainte-sophie"
J0R1T0;45.86;-74.058;"saint-jerome"
J0R1T1;45.826;-74.052;"filion"
J0R1T2;45.828;-74.036;"saint-jerome"
J0R1V0;45.854;-74.455;"st-sauveur"
J0R1W0;46.701;-75.45;"st-sauveur"
J0R1X0;45.975;-74.158;"ste-adele"
J0R1Y0;46.243;-73.651;"st-sauveur"
J0R1Z0;45.892;-74.157;"st-sauveur"
J0R2A0;45.875;-74.041;"prevost"
J0R2B0;45.891;-74.158;"saint-sauveur"
J0R2C0;45.892;-74.157;"st-sauveur"
J0R2E0;45.896;-74.235;"morin-heights"
J0R2G0;46.094;-74.462;"saint-faustin-lac-carre"
J0R2G3;45.863;-74.157;"ste-anne des lacs"
J0R2J1;45.422;-73.494;"la prairie"
J0R2N7;45.892;-74.157;"st-sauveur"
J0R2R0;45.863;-74.157;"ste-anne des lacs"
J0R3K0;45.863;-74.157;"ste-anne des lacs"
J0S1A0;45.013;-74.112;"athelstan"
J0S1B0;45.088;-74.371;"cazaville"
J0S1C0;45.113;-74.096;"dewittville"
J0S1E0;45.029;-73.941;"franklin"
J0S1G0;45.175;-73.853;"howick"
J0S1H0;45.082;-74.177;"godmanchester"
J0S1J0;45.314;-73.95;"salaberry-de-valleyfield"
J0S1K0;45.117;-73.991;"ormstown"
J0S1L0;45.036;-74.408;"saint-chrysostome"
J0S1M0;45.123;-74.365;"saint-anicet"
J0S1N0;45.055;-73.886;"franklin"
J0S1P0;45.175;-74.239;"godmanchester"
J0S1R0;45.107;-73.761;"saint-chrysostome"
J0S1S0;45.241;-73.931;"salaberry-de-valleyfield"
J0S1S1;45.156;-74.16;"sainte-barbe"
J0S1T0;45.214;-73.999;"beauharnois"
J0S1V0;45.258;-73.795;"sainte-martine"
J0S1W0;45.195;-74.128;"saint-stanislas-de-kostka"
J0S1X0;45.101;-73.893;"saint-chrysostome"
J0S1Y0;45.262;-73.793;"saint-urbain-premier"
J0S1Z0;45.101;-73.893;"saint-chrysostome"
J0S2A0;45.101;-73.893;"saint-chrysostome"
J0S2B0;45.09;-74.177;"huntingdon"
J0S2C0;45.027;-73.772;"havelock"
J0S2C2;45.019;-73.825;"havelock"
J0S2E0;45.018;-74.243;"elgin"
J0S2V0;45.101;-73.893;"saint-chrysostome"
J0S5C6;45.274;-74.09;"salaberry-de-valleyfield"
J0T1A0;45.971;-74.608;"barkmere"
J0T1B0;46.079;-74.672;"brebeuf"
J0T1C0;46.185;-74.717;"la conception"
J0T1C2;48.576;-78.109;"amos"
J0T1E0;46.045;-74.03;"esterel"
J0T1G0;45.987;-74.653;"boileau"
J0T1H0;46.257;-74.766;"labelle"
J0T1J0;46.158;-74.457;"saint-faustin-lac-carre"
J0T1J1;46.142;-74.472;"saint-jovite"
J0T1J2;46.115;-74.482;"saint-jovite"
J0T1J3;46.114;-74.48;"saint-faustin-lac-carre"
J0T1K0;45.996;-74.888;"lac-des-plages"
J0T1L0;46.035;-74.04;"ste-marguerite-du-lac-masson"
J0T1M0;46.163;-74.73;"la conception"
J0T1N0;46.185;-74.717;"la conception"
J0T1O1;45.539;-73.62;"montreal"
J0T1P0;46.209;-74.474;"lac-superieur"
J0T1R0;46.421;-74.747;"la macaza"
J0T1S0;46.247;-74.957;"la minerve"
J0T1T0;46.428;-74.891;"l'annonciation"
J0T1V0;46.151;-74.262;"sainte-lucie-des-laurentides"
J0T1W0;46.545;-74.826;"l'ascension"
J0T1X0;46.241;-74.277;"lussier"
J0T1Y0;45.847;-74.458;"wentworth-nord"
J0T1Z0;46.155;-74.587;"mont-tremblant"
J0T2A0;46.258;-74.059;"notre-dame-de-la-merci"
J0T2A2;46.208;-74.489;"lac-superieur"
J0T2B0;45.971;-74.337;"sainte-agathe-des-monts"
J0T2C0;46.323;-74.201;"notre-dame-de-la-merci"
J0T2E0;46.113;-74.007;"entrelacs"
J0T2E3;46.208;-74.489;"lac-superieur"
J0T2E8;46.116;-73.993;"entrelacs"
J0T2G0;46.103;-74.469;"saint-faustin-lac-carre"
J0T2H0;46.122;-74.579;"saint-jovite"
J0T2J0;46.125;-74.183;"sainte-lucie-des-laurentides"
J0T2J1;46.275;-74.237;"saint-donat"
J0T2K0;46.185;-74.717;"la conception"
J0T2L0;46.005;-74.755;"saint-remi-d'amherst"
J0T2M0;45.925;-74.468;"lac-des-seize-iles"
J0T2N0;46.031;-74.207;"val-david"
J0T2P0;46.191;-74.34;"val-des-lacs"
J0T2P2;46.185;-74.717;"la conception"
J0T2R0;46.007;-74.188;"sainte-agathe-des-monts"
J0T2S0;46.185;-74.717;"la conception"
J0T2T0;46.098;-74.842;"amherst"
J0T2T1;45.872;-74.584;"harrington"
J0T2V0;45.948;-74.525;"montcalm"
J0T2W0;46.185;-74.717;"la conception"
J0T2X0;46.429;-74.912;"riviere-rouge"
J0T2Y0;46.185;-74.717;"la conception"
J0T2Z0;46.185;-74.717;"la conception"
J0T3A0;46.185;-74.717;"la conception"
J0T3B0;46.185;-74.717;"la conception"
J0T3C0;46.185;-74.717;"la conception"
J0T3E0;46.185;-74.717;"la conception"
J0T3P0;46.224;-74.472;"lac-superieur"
J0V0A3;45.487;-73.454;"greenfield park"
J0V0B1;45.502;-75.745;"gatineau"
J0V1A0;45.652;-74.224;"saint-andre-avellin"
J0V1B0;45.675;-74.649;"grenville-sur-la-rouge"
J0V1C0;45.561;-74.341;"saint-andre-avellin"
J0V1E0;45.803;-74.942;"duhamel"
J0V1G0;46.05;-75.094;"duhamel"
J0V1G4;45.853;-74.77;"namur"
J0V1H0;45.645;-74.855;"fassett"
J0V1J0;45.629;-74.599;"grenville"
J0V1J8;45.749;-74.953;"saint-andre-avellin"
J0V1K0;45.768;-74.24;"gore"
J0V1L0;45.653;-74.941;"montebello"
J0V1M0;45.853;-75.182;"lac-simon"
J0V1N0;45.897;-74.859;"boileau"
J0V1O5;45.852;-74.746;"boileau"
J0V1P0;45.813;-74.961;"notre-dame-de-la-paix"
J0V1P7;45.852;-74.746;"boileau"
J0V1R0;45.627;-75.016;"papineauville"
J0V1R9;45.852;-74.746;"boileau"
J0V1S0;45.612;-75.107;"plaisance"
J0V1T0;45.654;-74.756;"grenville"
J0V1V0;45.799;-75.104;"ripon"
J0V1W0;45.727;-75.053;"ripon"
J0V1X0;45.553;-74.299;"saint-andre-d'argenteuil"
J0V1Y0;45.934;-74.913;"saint-emile-de-suffolk"
J0V1Z0;45.621;-74.167;"saint-andre-avellin"
J0V2A0;45.749;-74.953;"saint-andre-avellin"
J0V2B0;45.528;-74.209;"saint-placide"
J0V2C0;45.749;-74.953;"saint-andre-avellin"
J0V2E0;45.749;-74.953;"saint-andre-avellin"
J0V2G0;45.749;-74.953;"saint-andre-avellin"
J0V2H0;45.627;-74.594;"grenville"
J0V2R0;45.852;-74.746;"boileau"
J0V2V0;45.535;-76.185;"saint-andre-avellin"
J0W0G5;45.841;-73.431;"l'assomption"
J0W1A0;46.671;-75.219;"chute-saint-philippe"
J0W1B0;46.291;-76.026;"messines"
J0W1C0;46.701;-75.452;"sainte-anne-du-lac"
J0W1E0;46.641;-75.902;"grand-remous"
J0W1G0;46.449;-75.353;"kiamika"
J0W1G6;46.532;-75.38;"lac-des-ecorces"
J0W1H0;46.543;-75.359;"lac-des-ecorces"
J0W1J0;46.404;-75.519;"des ruisseaux"
J0W1K0;46.725;-75.295;"lac-saint-paul"
J0W1L0;46.491;-75.134;"lac-saguay"
J0W1M0;46.378;-75.964;"maniwaki"
J0W1N0;46.573;-76.041;"montcerf-lytton"
J0W1P0;46.786;-75.354;"mont-saint-michel"
J0W1R0;46.401;-75.021;"nominingue"
J0W1R1;47.37;-75.921;""
J0W1S0;46.285;-75.586;"kiamika"
J0W1T0;47.37;-75.921;""
J0W1V0;46.885;-75.323;"sainte-anne-du-lac"
J0W1W0;46.485;-75.854;"aumond"
J0W1X0;46.523;-74.975;"l'ascension"
J0W1Y0;46.511;-75.367;"kiamika"
J0W1Z0;46.378;-75.964;"maniwaki"
J0W2A0;47.37;-75.921;""
J0W2B0;47.37;-75.921;""
J0W2C0;47.164;-76.646;"rapid lake"
J0W2E0;46.304;-75.504;"lac-du-cerf"
J0W2M0;47.019;-75.668;"ferme-neuve"
J0W2N1;46.99;-75.655;"ferme-neuve"
J0W2T0;47.37;-75.921;""
J0W5W7;47.019;-75.668;"ferme-neuve"
J0X0B3;45.421;-72.158;"orford"
J0X0J0;45.923;-76.175;"alleyn-et-cawood"
J0X0X0;45.503;-75.953;"pontiac"
J0X1A0;45.703;-75.987;"alcove"
J0X1B0;45.525;-75.447;"gatineau"
J0X1C0;46.189;-76.076;"blue sea"
J0X1C1;46.226;-76.897;"mansfield-et-pontefract"
J0X1E0;46.213;-75.937;"blue sea"
J0X1G0;45.546;-76.392;"bristol"
J0X1H0;45.673;-76.621;"bryson"
J0X1J0;45.725;-76.64;"fort-coulonge"
J0X1K0;45.748;-76.591;"litchfield"
J0X1L0;45.595;-75.836;"cantley"
J0X1M0;45.898;-77.041;"waltham"
J0X1N0;45.62;-75.848;"chelsea"
J0X1P0;45.925;-76.144;"kazabazua"
J0X1R0;45.864;-76.74;"fort-coulonge"
J0X1S0;45.747;-76.146;"low"
J0X1T0;45.737;-75.912;"farrellton"
J0X1V0;45.847;-76.735;"fort-coulonge"
J0X1W0;46.091;-76.054;"duclos"
J0X1X0;45.956;-76.064;"low"
J0X1Y0;46.141;-76.244;"farrellton"
J0X1Z0;45.97;-75.91;"deleage"
J0X2A0;45.762;-76.387;"thorne"
J0X2A8;45.714;-76.371;"thorne"
J0X2B0;45.495;-75.759;"gatineau"
J0X2C0;45.808;-75.998;"denholm"
J0X2C2;46.353;-76.488;"cayamant"
J0X2E0;45.451;-75.879;"gatineau"
J0X2G0;45.494;-75.983;"pontiac"
J0X2H0;45.525;-75.447;"gatineau"
J0X2J0;46.265;-76.026;"blue sea"
J0X2K0;45.519;-76.419;"norway bay"
J0X2L0;45.767;-75.564;"val-des-monts"
J0X2M0;46.081;-75.608;"notre-dame-du-laus"
J0X2N0;45.539;-75.807;"chelsea"
J0X2P0;45.852;-76.43;"otter lake"
J0X2P4;45.839;-76.259;"thorne"
J0X2R0;45.694;-75.715;"val-des-monts"
J0X2S0;45.648;-76.124;"la peche"
J0X2T0;45.593;-76.663;"portage-du-fort"
J0X2V0;45.534;-76.219;"quyon"
J0X2W0;45.647;-76.031;"la peche"
J0X2X0;46.299;-75.866;"sainte-therese-de-la-gatineau"
J0X2Y0;45.626;-76.479;"bryson"
J0X2Z0;45.972;-77.255;"sheenboro"
J0X3A0;45.539;-75.807;"chelsea"
J0X3B0;45.609;-75.242;"gatineau"
J0X3B2;45.645;-75.224;"thurso"
J0X3C0;45.902;-75.61;"val-des-bois"
J0X3E0;45.849;-76.018;"low"
J0X3G0;45.673;-75.957;"wakefield"
J0X3H0;45.909;-76.911;"chapeau"
J0X3J0;45.644;-75.792;"val-des-monts"
J0X3K0;45.691;-76.208;"lac des loups"
J0X3L0;45.669;-75.686;"val-des-monts"
J0X3M0;46.195;-77.69;"rapides-des-joachims"
J0X3N0;45.698;-75.198;"saint-sixte"
J0X3W0;46.381;-76.539;"cayamant"
J0X4C1;45.839;-76.259;"ladysmith"
J0Y0C1;48.229;-77.933;"val-d&#39;or"
J0Y0C4;50.054;-77.969;"matagami"
J0Y1A0;48.439;-77.641;"barraute"
J0Y1A1;50.054;-77.969;"matagami"
J0Y1A9;48.436;-77.636;"barraute"
J0Y1B0;48.412;-76.303;"beattyville"
J0Y1C0;48.224;-78.384;"rouyn-noranda"
J0Y1E0;48.588;-77.495;"champneuf"
J0Y1G0;48.672;-78.108;"dalquier"
J0Y1H0;49.507;-76.19;"desmaraisville"
J0Y1J0;48.472;-78.045;"lac des loups"
J0Y1K0;48.412;-76.303;"gagnon siding"
J0Y1L0;48.78;-78.468;"guyenne"
J0Y1M0;48.48;-78.137;"saint-mathieu-d'harricana"
J0Y1N0;49.463;-78.313;"joutel"
J0Y1N1;50.12;-75.641;""
J0Y1P0;48.021;-77.844;"lac-langis"
J0Y1R0;48.355;-78.015;"la corne"
J0Y1S0;48.638;-77.651;"la morandiere"
J0Y1T0;48.342;-78.124;"la motte"
J0Y1V0;48.547;-77.962;"landrienne"
J0Y1W0;48.64;-78.536;"launay"
J0Y1X0;49.056;-76.987;"lebel-sur-quevillon"
J0Y1Y0;47.988;-78.14;"riviere-heva"
J0Y1Z0;48.137;-78.124;"malartic"
J0Y2A0;49.757;-77.63;"matagami"
J0Y2B0;50.502;-75.646;"nemiscau"
J0Y2C0;48.388;-77.255;"nottaway"
J0Y2C4;50.001;-76.875;""
J0Y2E0;48.343;-78.396;"preissac"
J0Y2G0;48.77;-78.304;"berry"
J0Y2H0;48.22;-78.166;"riviere-heva"
J0Y2J0;48.673;-77.511;"rochebaucourt"
J0Y2K0;48.77;-78.111;"saint-dominique-du-rosaire"
J0Y2L0;48.528;-78.308;"sainte-gertrude-manneville"
J0Y2M0;48.389;-77.245;"senneterre"
J0Y2N0;48.127;-77.836;"val-d'or"
J0Y2P0;48.17;-77.713;"val-d'or"
J0Y2R0;48.207;-77.865;"val-d'or"
J0Y2S0;48.621;-78.302;"trecesson"
J0Y2T0;48.299;-78.203;"la motte"
J0Y2V0;50.12;-75.641;""
J0Y2W0;49.116;-79.379;"normetal"
J0Y2X0;53.792;-77.617;"radisson"
J0Y2Y0;50.12;-75.641;""
J0Y2Z0;50.12;-75.641;""
J0Y3A0;50.12;-75.641;""
J0Y3B0;51.617;-76.318;"nemiscau"
J0Y3C0;49.706;-75.96;"waswanipi"
J0Y3E0;49.475;-78.351;"laforge-deux"
J0Y3G0;50.12;-75.641;""
J0Y3H0;48.061;-77.351;"lac-simon"
J0Y3J0;50.12;-75.641;""
J0Y3K0;50.12;-75.641;""
J0Y3L0;50.12;-75.641;""
J0Y3M0;47.875;-77.153;"lac-simon"
J0Y3N0;50.12;-75.641;""
J0Y3P0;50.12;-75.641;""
J0Y3R0;50.12;-75.641;""
J0Y9C0;48.242;-79.1;"rouyn-noranda"
J0Z1A0;47.539;-79.242;"angliers"
J0Z1B0;48.176;-79.404;"rouyn-noranda"
J0Z1C0;48.743;-78.857;"authier"
J0Z1E0;48.828;-78.84;"authier-nord"
J0Z1G0;47.291;-79.329;"bearn"
J0Z1H0;48.991;-79.338;"beaucanton"
J0Z1J0;48.11;-79.158;"beaudry"
J0Z1K0;48.09;-78.924;"rouyn-noranda"
J0Z1L0;47.391;-78.703;"belleterre"
J0Z1M0;48.604;-79.112;"palmarolle"
J0Z1N0;48.856;-79.007;"chazel"
J0Z1P0;48.363;-78.841;"rouyn-noranda"
J0Z1R0;48.746;-79.443;"clerval"
J0Z1S0;48.019;-79.133;"cloutier"
J0Z1T0;48.749;-79.126;"belleterre"
J0Z1T1;47.34;-78.466;"belleterre"
J0Z1V0;48.973;-79.421;"normetal"
J0Z1W0;48.505;-79.238;"rapide-danseur"
J0Z1X0;48.827;-79.365;"dupuy"
J0Z1X1;48.836;-79.358;"dupuy"
J0Z1Y0;48.237;-79.128;"rouyn-noranda"
J0Z1Y1;48.232;-79.128;"rouyn-noranda"
J0Z1Z0;47.203;-79.371;"fabre"
J0Z1Z1;48.163;-78.527;"cadillac"
J0Z2A0;47.405;-79.167;"fugereville"
J0Z2B0;48.603;-79.285;"rapide-danseur"
J0Z2C0;48.197;-79.114;"rouyn-noranda"
J0Z2E0;47.667;-79.29;"guerin"
J0Z2G0;47.462;-79.439;"saint-bruno-de-guigues"
J0Z2H0;46.755;-79.021;"kipawa"
J0Z2J0;47.566;-78.596;"laforce"
J0Z2K0;47.05;-79.279;"laniel"
J0Z2L0;48.86;-79.494;"la reine"
J0Z2M0;47.34;-78.466;"belleterre"
J0Z2N0;47.422;-79.033;"latulipe"
J0Z2P0;47.429;-79.303;"laverlochere"
J0Z2R0;47.35;-79.357;"ville-marie"
J0Z2S0;48.754;-79.009;"rouyn-noranda"
J0Z2T0;48.73;-79.299;"mancebourg"
J0Z2V0;48.173;-78.765;"mcwatters"
J0Z2W0;47.553;-78.913;"laforce"
J0Z2X0;48.087;-79.284;"rouyn-noranda"
J0Z2X1;47.34;-78.466;"belleterre"
J0Z2Y0;48.369;-78.719;"rouyn-noranda"
J0Z2Z0;47.622;-79.461;"nedelec"
J0Z3A0;48.996;-79.363;"normetal"
J0Z3B0;47.598;-79.483;"notre-dame-du-nord"
J0Z3C0;48.668;-79.191;"palmarolle"
J0Z3D5;47.34;-78.466;"belleterre"
J0Z3E0;48.663;-78.982;"ta